global_batch_size,1,2,4,8,16,32,64
384,0.03440690542609718,0.07202256803269298,0.14271706368522086,0.19352567710981528,0.3595788817208245,0.48904842733362486,0.4692708078100514
