global_batch_size,1,2,4,8,16,32,64
32768,46.914146350193334,37.6167335622182,56.34158886973979,23.22881167731976,32.486770504915164,26.05323201698794,22.47946282244047
