global_batch_size,1,2,4,8,16,32,64
64,0.43805962058835995,0.828799432511257,1.3152121172616016,0.6109512985005995,0.8514782062868322,nan,nan
