{
	"alexnet": {
		"2":{
			"1": 1.0, 
			"2": 0.7450686884120468
		}, 
		"4": {
			"1": 1.0, 
			"4": 0.325340860506144, 
			"2": 0.3972922047776267
		}, 
		"6": {
			"1": 1.0, 
			"2": 0.3309909296079203
		}, 
		"8": {
			"1": 1.0, 
			"4": 0.26836765904968457, 
			"2": 0.5083145152293351
		}
	}, 
	"vgg16": {
		"2": {
			"1": 1.0, 
			"2": 0.8958242243287142
		}, 
		"4": {
			"1": 1.0, 
			"2": 0.576427514971673, 
			"4": 0.3178085793082509
		}, 
		"6": {
			"1": 1.0, 
			"2": 0.6566101887325483
		}, "8": {
			"1": 1.0, 
			"2": 0.5724854767061701, 
			"4": 0.2608913299672127
		}
	}, 
	"resnet101": {
		"2": {
			"1": 1.0, 
			"2": 0.9905392627895291
		}, 
		"4": {
			"1": 1.0, 
			"2": 0.969122665600673, 
			"4": 0.9538214155581849
		}, 
		"6": {
			"1": 1.0, 
			"2": 0.9494155472302157
		}, 
		"8": {
			"1": 1.0, 
			"4": 0.8025198551591541, 
			"2": 0.9476815436874315
		}
	}, 
	"mobilenet_v2": {
		"2": {
			"1": 1.0, 
			"2": 0.9956322189032849
		}, 
		"4": {
			"1": 1.0, 
			"2": 0.972020944828447, 
			"4": 0.7935638731175636
		}, 
		"6": {
			"1": 1.0, 
			"2": 0.9582250811064315
		}, 
		"8": {
			"1": 1.0, 
			"2": 0.9297908377905936, 
			"4": 0.6271480154852589
		}
	}, 
	"inception3": {
		"2": {
			"1": 1.0, 
			"2": 1.0025492563926262
		}, 
		"4": {
			"1": 1.0, 
			"2": 0.9826097698009885, 
			"4": 0.9640798255933825
		}, 
		"6": {
			"1": 1.0, 
			"2": 0.9513560244529581
		}, 
		"8": {
			"1": 1.0, 
			"2": 0.9227832420295228, 
			"4": 0.8791396895657881
		}
	}
}